216,"Atlantis Organic Soap"
226,"Beachcomber Organic Soap"
236,"Coastal Breeze Organic Soap"
246,"First Light Organic Soap"
256,"Natural Unscented Organic Soap"
266,"Voyager Organic Soap"
276,"Banana Acai Body Butter"
284,"Honey Rose Body Butter"
292,"Tropical Smoothie Body Butter"
300,"Atlantis Body Powder"
310,"Beachcomber Body Powder"
320,"Coastal Breeze Body Powder"
330,"First Light Body Powder"
340,"Voyager Body Powder"
350,"Atlantis Body Spray"
352,"Beachcomber Body Spray"
354,"Coastal Breeze Body Spray"
356,"First Light Body Spray"
358,"Voyager Body Spray"
360,"Atlantis Natural Bodywash"
368,"Beachcomber Natural Bodywash"
376,"Coastal Breeze Natural Bodywash"
384,"First Light Natural Bodywash"
392,"Voyager Natural Bodywash"
400,"Atlantis Conditioner"
409,"Beachcomber Conditioner"
417,"Coastal Breeze Conditioner"
425,"First Light Conditioner"
433,"Voyager Conditioner"
441,"Natural Deodorant That Actually Works Lemon Lavender Organic Deodorant"
451,"Natural Deodorant That Actually Works              Lemongrass Organic Deodorant"
460,"Natural Deodorant That Actually Works            Patchouli Natural Deodorant"
469,"Organic Deodorant That Actually Works            Peppermint Organic Deodorant"
478,"Organic Deodorant That Actually Works            Rose Geranium Paraben-Free Deodorant"
485,"Minty Fresh Dog Shampoo"
493,"Outback Adventure Dog Shampoo"
501,"Sweet Pooch Dog Shampoo"
509,"Walk In The Woods Dog Shampoo"
517,"Minty Fresh Fur Fresh"
525,"Outback Adventure Fur Fresh"
533,"Sweet Pooch Fur Fresh"
541,"Walk In The Woods Fur Fresh"
549,"Coconut Lip Balm"
557,"Atlantis Herbal Shampoo"
565,"Beachcomber Shampoo"
573,"Coastal Breeze Shampoo"
581,"First Light Shampoo"
589,"Voyager Shampoo"
597,"Hawaiian Plumeria Scrub"
599,"Mango Papaya Scrub"
601,"Papaya Pineapple Scrub"
603,"Gift Certificate"
604,"Atlantis Body Lotion"
612,"Beachcomber Body Lotion"
620,"Coastal Breeze Body Lotion"
628,"First Light Body Lotion"
636,"Voyager Body Lotion"
644,"Peppermint Lip Balm"
652,"Pineapple Lip Balm"
660,"Vanilla Lip Balm"
668,"Tangerine Lip Balm"
676,"Organic Angel Girl Makeup Remover"
685,"Certified Orgasmic Moisturizer"
698,"Organic Soap by PSW - Atlantis"
699,"Organic Soap by PSW - Beachcomber"
700,"Organic Soap by PSW - Coastal Breeze"
701,"Organic Soap by PSW - First Light"
702,"Organic Soap by PSW - Voyager"
705,"Body Powders by PSW - Atlantis"
706,"Body Powders by PSW - Beachcomber"
707,"Body Powders by PSW - Coastal Breeze"
708,"Body Powders by PSW - First Light"
709,"Body Powders by PSW - Voyager"
712,"Shampoo by PSW - Atlantis"
713,"Shampoo by PSW - Beachcomber"
714,"Shampoo by PSW - Coastal Breeze"
715,"Shampoo by PSW - First Light"
716,"Shampoo by PSW - Voyager"
719,"Jojoba Body Lotion by PSW - Atlantis"
720,"Jojoba Body Lotion by PSW - Beachcomber"
721,"Jojoba Body Lotion by PSW - Coastal Breeze"
722,"Jojoba Body Lotion by PSW - First Light"
723,"Jojoba Body Lotion by PSW - Voyager"
726,"Perfume Oil Spray Mist by PSW - Atlantis"
727,"Perfume Oil Spray Mist by PSW - Beachcomber"
728,"Perfume Oil Spray Mist by PSW - Coastal Breeze"
729,"Perfume Oil Spray Mist by PSW - First Light"
730,"Perfume Oil Spray Mist by PSW - Voyager"
733,"Hair Conditioner by PSW - Atlantis"
734,"Hair Conditioner by PSW - Beachcomber"
735,"Hair Conditioner by PSW - Coastal Breeze"
736,"Hair Conditioner by PSW - First Light"
737,"Hair Conditioner by PSW - Voyager"
738,"Natural Antibacterial Serum"
745,"Natural Antibacterial Serum - Small [2 oz.]"
746,"Natural Antibacterial Serum - Large [4 oz.]"
747,"Rose Geranium Herbal Shampoo"
755,"Rose Geranium Deep Conditioner"
763,"Rose Geranium Natural Soap"
771,"Organic Deodorant That Actually Works            Unscented Natural Deodorant"
778,"Go Bug! Bug Repellent"
780,"Unscented Herbal Shampoo"
782,"Unscented Conditioner"
784,"Unscented Body Powder"
786,"Unscented Natural Bodywash"
788,"Lather Up"
1086,"Whole Body Package"
1090,"Men's Care Package"
1092,"Baby Care Package"
1095,"Natural Deodorant That Actually Works           No B O Deodorant TM"